Intron Size,#gRNA,#outputs,Intron name/category,GC Content,G%,,,Intron Sequence
850,708,22,Our test intron,0.311,0.149,,,GTGAGTCTATGGGACCCTTGATGTTTTCTTTCCCCTTCTTTTCTATGGTTAAGTTCATGTCATAGGAAGGGGAGAAGTAACAGGGTACAGTTTAGAATGGGAAACAGACGAATGATTGCATCAGTGTGGAAGTCTCAGGATCGTTTTAGTTTCTTTTATTTGCTGTTCATAACAATTGTTTTCTTTTGTTTAATTCTTGCTTTCTTTTTTTTTCTTCTCCGCAATTTTTACTATTATACTTAATGCCTTAACATTGTGTATAACAAAAGGAAATATCTCTGAGATACATTAAGTAACTTAAAAAAAAACTTTACACAGTCTGCCTAGTACATTACTATTTGGAATATATGTGTGCTTATTTGCATATTCATAATCTCCCTACTTTATTTTCTTTTATTTTTAATTGATACATAATCATTATACATATTTATGGGTTAAAGTGTAATGTTTTAATATGTGTACACATATTGACCAAATCAGGGTAATTTTGCATTTGTAATTTTAAAAAATGCTTTCTTCTTTTAATATACTTTTTTGTTTATCTTATTTCTAATACTTTCCCTAATCTCTTTCTTTCAGGGCAATAATGATACAATGTATCATGCCTCTTTGCACCATTCTAAAGAATAACAGTGATAATTTCTGGGTTAAGGCAATAGCAATATTTCTGCATATAAATATTTCTGCATATAAATTGTAACTGATGTAAGAGGTTTCATATTGCTAATAGCAGCTACAATCCAGCTACCATTCTGCTTTTATTTTATGGTTGGGATAAGGCTGGATTATTCTGAGTCCAAGCTAGGCCCTTTTGCTAATCATGTTCATACCTCTTATCTTCCTCCCACAG
398,301,17,Mu Opioid Receptor fragment,0.337,0.196,,,gtactgaaaaaaacatcgtttttctttcaaaattttgatcaagtcataaatgatttgaggctaaagagggaggaagagggtaaaaaaagggggagaaagagtttcaattaaaatgtattttttcaaggaaattatcaataatctctctataatgactagtatacagttcttttcagtagcatacacaaatgaagagcatattcataatgagccagaagattattcataatgtctgaagagattgattaatgtcttgacatttaagaaaaactgaggcttgcaggtgaaagtatacatgaaggtcttcaatgcagttcttacgagcagagatgctcaacaaatgtgtgttgcaaccgtatctgaaatgttcactgtctttgctctttctctcctttcag
245,143,0,"MHC HLA-B1501 gene, intron 2",0.739,0.367,,,gtgagtgaccccggcctggggcgcaggtcacgactccccatcccccacgtacggcccgggtcgccccgagtctccgggtccgagatccgcccccctgaggccgcgggacccgcccaaaccctcgaccggcgagagccccaggcgcgtttacccggtttcattttcagttgaggccaaaatccccgcgggttggtcggggcggggcggggctcgggggacggggctgaccgcggggcctgggccag
240,183,0,"osteonidogen, intron 21",0.446,0.171,,,gtaaaaagtatgctttaggatgctcctttaaattagcagggtagagaagggatatatatggtatttgattacccctgctgcctgtgacactgccaccattgccttcttcctgccctgagggccagtctttactaccttaaatctacctagtttatacacaaaatgcaaagacttgctgttgcaacttggttacaatatactcacccaccaccctgtcccacccctgctcttctctcacag
241,143,0,"HLA-A gene for MHC class I antigen, HLA-A*6901 allele, intron 2",0.722,0.357,,,gtgagtgaccccggcccggggcgcaggtcacgacctctcatcccccacggacgggccaggtcgcccacagtctccgggtccgagatccgccccgaagccgcgggaccccgagacccttgccccgggagaggcccaggcgcctttacccggtttcattttcagtttaggccaaaaatccccccaggttggtcggggcggggcggggctcgggggaccgggctgaccgcggggtccgggccag
841,582,26,"apM-1 gene, intron 1",0.478,0.289,,,gtaagagcaattctgtgaagttccaggctgggtgggggatgcatgcatagcctctggctgggatcacccaggctctcccgtccgtagtagtgtgggagtggatacaggtggatactctggtcagagcagcactggtggaggcagatatgcactgggcttcttcctccgttctcccacagccccaagagagaaagggttatttcagacattccttctaagatgcatggaaccattctgaattttacccagttcgctctgtagcaggatacctattgagaaaaagttagggtcagtaaggtggaagggtctgtccacagatgaagtccaattcgattaagggggataagggaatacattgcctcttagcttgaccaggtagggcaaaggaagaagcatatatgaaggcagctttaaaaagaagaaaggagccagaggagagaagctggttagcattgaatggagcaatctgtgtcatcgtacttgggaaacccaaggatggattcttggcaagtcgactcttggagctttccctgtgcttggtcctgtgctcagacatgggaaaattagaggagtgtcatctgtgcaatcactgaattcataatcttggtgaggaaaggagactacacacagggaataatgctaagtattacagatttcagggcagaaagagatcaaggtgggctgcaatattcagaaaagtcttcctggaaaagttgaatacttagaaagcagctcctagaagtagactctgctgagatggacggagtcctttgtaggtcccaactgggtgtgtgtgtggggtctgtctctccatggctgacagtgcacatgtggattccag
373,258,4,"partial MEN1 gene, intron 4",0.558,0.279,,,gtgagggctgagccaatggggcaggactgggctaggccagacttgacttgctgtgggaccctgggcaggggcactttcccttcctgagcttcagcttcccctcctggaaaaatgggttagtaattcctggcctggcctttcccagggctcttgggagagtagaattgagatgtgaaattgctttgactccattaaagggctggtcccagaattttggcccttccacatggtgggtggtccctgttggttctgacccccacctctgcccgataggctaaggacccgttctcctccctgttccgtggctcataactctctccttctgctcctagaagctgctctggctgctctatgacctgggacatctggaaag
245,141,0,"lymphocyte antigen (HLA-B) gene, HLA-B*3501 allele",0.747,0.376,,,gtgagtgaccccggcccggggcgcaggtcacgactccccatcccccacgtacggcccgggtcgccccgagtctccgggtccgagatccgcctccctgaggccgcgggacccgcccagaccctcgaccggcgagagccccaggcgcgtttacccggtttcattttcagttgaggccaaaatccccgcgggttggtcggggcggggcggggctcgggggacggggctgaccgcggggccggggccag
580,386,0,CBS gene,0.655,0.305,,,gtcagtctcagcccctgctcagagctcagtcctgggttctgtctgcccagctccaccccgtcagtgtcactggacagggcagccatgcagaccctgcagctgggctgataggcccgcctgggccgcctcatacagacgttcagggcattggaggccccttgccggtccctgagcagcctggggcagggctgccgtgctcactccaggccctcagacctcagcccacccaccctttgtgtgcaggctgtcctgggcccacctggaggtcaggggagagatgccccgaggacatgtctgacagcagaaagccttggcacacatgcccagtgaccactgagagccccacgtcgcggaaacctgacggctggtcacccttgaccctggctgaacgggtccaaggactcttggtttctttctccccaccagggcccagactggttcctgccgcgtgtaggctcgtggcagaggacttccatgtgtggccagagagcgctcctccctggggcagctgagcgtgtgccccaccgtcctgggaggggtgaggtatgagcgctgacccctgcctgcccccgtcccacag
700,544,23,mu opioid receptor gene intron 3,0.33,0.2,,,gtacgcagtctctagaattaggtatatctactggggatgacataaaaattataaggctttgtgctaaactaggagtttaatccattatagaggatgagaatggagggaagaggggaagcaaattgtggttctagtgttagagaagaggtttgttatataaactgtgttctttatatttgactgtacatattcatttaggtataaagatacaccaatgagaaatccatgaaactattcaaaataactatttttatggcctttacttctatgcaaaaattttatgactttagcacattatagtggtactgaaaaaaacatcgtttttctttcaaaattttgatcaagtcataaatgatttgaggctaaagagggaggaagagggtaaaaaaagggggagaaagagtttcaattaaaatgtattttttcaaggaaattatcaataatctctctataatgactagtatacagttcttttcagtagcatacacaaatgaagagcatattcataatgagccagaagattattcataatgtctgaagagattgattaatgtcttgacatttaagaaaaactgaggcttgcaggtgaaagtatacatgaaggtcttcaatgcagttcttacgagcagagatgctcaacaaatgtgtgttgcaaccgtatctgaaatgttcactgtctttgctctttctctcctttcag
557,379,23,"cytochrome b light chain (CYBA) gene, intron 4",0.634,0.289,,,gtgagtccccgtcccgcaccccctctagggctcaggagggcttggagccgaccctccccactgtcccaccggccgggctgcctggacaggagccacccccacttacctcagtgtttttccaaacaaaaattcgggtccctggctctggcagggcctgtgtctgctgtctagtgtgcaggatttgtaaggatccactccaaatccgaggagctccgatccgtcgccagggtctggggtcagcatgcactgctggggggtcttgcctgggcttcctggtagggtggagggttccgtgctgtgtgtctgctggttactgccggctgaggccaggacacccacacgtggctgcttcctccgagcaagtgcaccagagccgctagtgtccacatcaaggctgagaacacccaggaccgaaacaagccccggtccgcgcacgtcccctgggtctgcagtctgccttgtcctgagactttgtggccttggcccccagacctggggctccgttcccctttctgagtgcccttctgtgtccctgcctctcacccgctgtcccccag
529,406,8,ZFX gene,0.346,0.2,,,gtaagttgcccagcagctcttagcattgaagaagttggttcttaaacatgaatccatgattgaaaaatggtttctgtggtcttaggtttcagaagtctgaaataccagtatcctgtaaggattatttgaattgaattagagtataaagtctactttttgtctttatttttaacaggaatttccttcatgtgtatattatgtagaaggaagtactgcaagaagtacacaggctttcaggctgaaagttttcatcttgattatgtttggcccatgactttttcattttgggagacaacaagggagtccatggcgcaaaaatgctgacatgtgttttttagctttggaagctaggcgtttcctacggtctcgcgataataaatgtgctcataaaacccatgacctagaatggggaatttctgtcattcatgagtatcatggcttacttttcgttgttgtagttaatgaagaattcctaattctttaaaatttataatactgtataattttgttttttaatacacattgttag
246,169,5,"G-CSF receptor, intron 15",0.585,0.252,,,gtgagtccctttgagagacctgagatcctgcttcccccacccacagggaacctcaggtccagatgggcccatctaagtcccttccagccttcccaaactttggggcccatgtctgagagtcccagcccccagcttcttctctctgcactaagggcagctgcacctcttcaggtggggtgggtgggacaaaaaatggaaagatcggagggtgtgtctgactcagcctccacctgcccccttctccag
268,167,9,"methylenetetrahydrofolate reductase (MTHFR) gene, intron 7",0.638,0.34,,,gtgagtgatgctggagtggggaccctggttcatcccctgcccctggcctgaccccagctgcaggccaggctgcggggctgtgacttccccatcctgtgccctcccctccatgctgtggacatggcaaagggagaagggtaagttgggagacctccacctggaagggcttagggaggcaaagacaggctgggtctttgttgggggccgtgagagggactcagggtgccaaacctgatggtcgccccagccagctcaccgtctctcccag
891,725,,"complement component C6 mRNA, intron N",0.348,0.167,,,gtaagtatcaggaatctattgtgaggtagataagttttcccctccaaagagtattctaagttggtcaattaaaaagaaacaaaacttctattagcaacctccaccttgtacaggctcagagggaagataaacctgcaaaaagtgtgagtctcagctgtaacctaccaactatgtgagcttgggaaagttacccagcttccctatgcctcaatctgttcatccataaaatgaggataacaccagtatctatctaaggaatatgaatatattatatgcgtatttatatatcaagaatacatatacaatgctcataacataaaaaatcaaacataacatcaaataaaatatatgattctgatattataagcctcttatgtattgtaatatagaaggatggctttgtaataaaaaataaattaagccacaaccaaagttttcatacaggactaagtagtaacatagttacctcaaatcctccttagaaacagggtaaggcatgggagtaagaatgtatactactacttcctttaaaagtgtaatttaatatgcattctgttaagaagatgtttatatttatacacatatgagtgcacatttttaaaaggcctccaaagccaagaatacagaggtttcttaacagttgaaaataattcataatgattgccatttgttgccattttatttaggcttatgggaacaaagtctaaaaggaaatcaggcaatgtgtcaggccccttgcacaggtaatttcttttaatccttagaagaaccctatcatatcccacaaaggaagttactgagctaaaaagtgaggaaaccaggttggcctcacttccaaacccaaattcagctgcaccatgatccatgggagtgagtcttcctttgttccag
710,550,27,"DBY gene, intron 7",0.351,0.199,,,gtaagcttactcaatacaaagtgaaagttaagaatacctgatcagacttactttaaaagtagtatgttctgaaggggatgtctgaatcctgtgtttagcatttgaggtaggtaaagattagctgaggatgtgtctttttgtgtatacctttggatccttgggatgaaactaatatttttatctggacatcttgaggaagcttatggcaaaatcttctttaagaaatagaactgcgtattttacagttaactccacgggagttagcaaactgcagcctttaggtcaaacctagctcttgtttatttttcaatagctgtattgaaatatagccatacccattggttacgtctatagctgtagaggttagccagagatgtggcagagagactggcctgcaagagccatgtggctctttacagaaagttcactgacccctgttttaccttctaacagtatgtagtgattacaaagaaatgttgaactgaaagttgatgccacttttcagaaaaatggttgtgttttgtacaaattgaaatacattgtttaaaaataaagcacagtactcactttaggtttgccatataaatttactgtaacttcctagaaaattggaaataaagtaagaaaaattttcttacaattcaagggcatttagaacactttgtcatctgttaatattcagaaatgataagccagtgttttgttttcag
878,,,"ribosomal protein S27-like gene, intron 1",0.489,0.269,,,gtgagttgtttacatcgggctccgggtttgttttgggcttctttaccgagagtcatatgggacggatgagtccggctgcctctcgggcctgtagtgtccgagagtggcgaggcggctcaggttgcgcagcgtcttcgcgcgtggcgggcatgtagtgacttgcccggtcaccgcggcgcggctggccctgcaggggcgtgggctgcaattcagaggcggtggctgggaggggaacagttctctgtgtagcttatgagcggtcttggtctttgaggatgcccctgaggttgtgatctttgggtcttttggctttcccagtgattggtgtttctcgccccctctgccttctttcggaagcgatttcctacttgttttccttttttaaaaactgtcctcgttgttgccttatatattaattccgtcaaggacggtcgctcagcaagaattcctgtcagatcagctgttgagccacaggagcaaaaatcacccaggcgctgacgttgtctggtctacttcagcagtttctactctaagcgagtccacagtcggggtcactttctttgcttagcacctcgacttcgcgcagttttcatcgaagacagttcattacgcagttgagtaaagaaggacaaagtttgccttaccatatgtttcctgatcgtgcgaaagcccttttctagggacttggagaacacaagtattatgaaaagtactgatgaaagttattaacaggtttcgaaaaataactttactatctgacgtgttgcttctgccgaggatgaccgttattcctgtttttgcatgtatatttcacgtatggttaaatgtgccagcgttgtggtttaaaactaatagtaataatatgcttctttgttcag
785,,,lipe gene intron 5,0.623,0.169,,,gtgagcctcaggcccccacagccacctgcgcctgctcccatcccacccagcttgctttaagctcctccagcctcagcctcacaccctctacctttctctccccccacacctcccagctcctgctcacccaggtcctgcccaatcttccacctcagccactttatcctctgtccccaactgtggcacccagactctccatctcctccacctccacttcccacccaccgtcctgtctccctgggcctctgtcgtccccctctgatagctccaggccctgctctcctgtcctaccagcctcctggcccacagtccagcttctctgacctccctcttcgaagatcaacatcttgggaggacactgaggcacagagcagagtgtggccatgccccagggcacagagcttgcagcccagcccctctgtactgaccctgaaccctgaccttccattcccgccctctgaggcccccctcctgcaacaggcctgagctcagctcccctttcccaccacctgccctccctgctcccaacctccagccccgacagactttcccagtgcttccctgggcctctccaggtcctgagtcatcctgaccctctgtctaccacatgagcccaaatctgtgcctcagtctgccagtctctaaaactgcagtctgctaggccttggagtgccccacaccccaccttggagagcccagttctcccagcttgagttcctccctgccctcctccccaggcctctgcccctgccaggttgtcaccaaccacccctctcccaaaccag
